month,65W GaN Charger,AirLite Earbuds,Arc Neckband,Nexa 2 Smartwatch,Nexa Fit Band,Nexa Smartwatch,Orbit Mini Speaker,Orbit Smart Speaker,Pulse 2 True Wireless Earbuds,Pulse Charging Case (spare),Pulse True Wireless Earbuds,Strata 2 Over-Ear Headphones,Strata 3 Over-Ear Headphones,USB-C Braided Cable
2024-06,0.0,0.0,0.0,0.0,0.0,0.0,0.0,0.0,0.0,0.0,0.0,0.0,0.0,0.0
2024-07,0.0,0.0,0.0,0.0,0.0,0.0,0.0,0.0,0.0,0.0,0.0,0.0,0.0,0.0
2024-08,0.0,0.0,0.0,0.0,0.0,0.0,0.0,0.0,0.0,0.0,0.0,0.0,0.0,0.0
2024-09,0.0,0.0,0.0,0.0,0.0,0.0,0.0,0.0,0.0,0.0,0.0,0.0,0.0,0.0
2024-10,0.0,0.0,0.0,0.0,0.0,0.0,0.0,0.0,0.0,0.0,0.0,0.0,0.0,0.0
2024-11,0.0,0.0,0.0,0.0,0.0,0.0,0.0,0.0,0.0,0.0,0.0,0.0,0.0,0.0
2024-12,0.0,0.0,0.0,0.0,0.0,0.0,0.0,0.0,0.0,0.0,0.0,0.0,0.0,0.0
2025-01,133.3,93.8,75.0,29.6,57.5,100.0,inf,70.8,inf,0.0,80.5,73.1,62.7,200.0
2025-02,81.2,67.6,105.9,70.6,103.8,100.0,15.8,81.2,inf,0.0,123.0,123.5,67.8,77.8
2025-03,44.4,88.9,146.2,69.6,84.1,111.5,57.7,90.0,inf,0.0,147.1,123.1,134.8,100.0
2025-04,100.0,96.8,60.9,91.4,100.0,74.3,84.0,85.7,inf,0.0,103.7,108.3,104.5,100.0
2025-05,77.8,101.7,123.1,61.9,86.1,96.9,81.7,86.8,inf,0.0,102.9,90.0,86.0,57.1
2025-06,100.0,79.1,105.0,80.2,94.4,91.3,113.6,86.7,inf,0.0,94.6,138.5,89.5,175.0
2025-07,58.3,95.7,175.0,87.1,102.9,145.5,106.4,104.3,31.0,inf,63.8,57.7,108.5,66.7
2025-08,92.9,120.7,68.0,80.7,88.1,61.3,89.5,119.2,66.2,50.0,98.8,66.7,92.3,120.0
2025-09,115.4,98.4,73.9,96.9,106.7,140.0,89.3,110.0,66.3,81.8,103.0,90.0,81.0,44.4
2025-10,65.2,74.7,72.4,86.1,75.0,81.8,81.1,94.3,69.5,56.4,64.8,94.4,81.6,55.6
2025-11,70.6,92.6,85.7,88.1,98.1,104.0,100.0,80.5,76.2,70.6,91.8,121.7,93.2,100.0
2025-12,140.0,92.3,104.0,97.3,133.3,80.0,100.0,93.9,109.5,150.0,83.7,105.9,131.6,100.0
2026-01,91.7,124.1,82.6,90.9,86.0,100.0,86.3,114.3,102.2,90.9,88.4,60.7,102.1,80.0
2026-02,53.8,100.0,91.3,98.6,100.0,84.6,100.0,130.0,99.0,85.2,85.5,72.7,97.7,44.4
2026-03,91.7,91.5,82.6,120.8,51.2,100.0,100.0,81.0,83.2,110.3,103.9,84.0,83.3,250.0
2026-04,100.0,100.0,109.5,88.9,111.8,94.1,94.1,146.2,102.4,86.2,102.4,109.5,105.3,83.3
2026-05,61.5,81.8,79.3,97.1,60.5,82.8,85.5,113.8,95.8,128.0,81.1,106.7,83.0,83.3
2026-06,100.0,66.2,138.9,100.0,123.1,100.0,116.2,90.9,98.4,100.0,98.8,110.5,84.3,175.0
