month,issue_label,tickets
2025-01,ACCOUNT_LOGIN,4
2025-01,APP_FIRMWARE,26
2025-01,AUDIO_QUALITY,15
2025-01,CANCELLATION,12
2025-01,CHARGING_BATTERY,17
2025-01,CONNECTIVITY,22
2025-01,DAMAGED_OR_WRONG_ITEM,13
2025-01,DELIVERY_NOT_RECEIVED,72
2025-01,DUPLICATE_CHARGE,10
2025-01,HARDWARE_FAULT_WARRANTY,14
2025-01,INVOICE_PRICE_COUPON,17
2025-01,OTHER,42
2025-01,PAYMENT_FAILED_OR_DEBITED,14
2025-01,PRODUCT_ENQUIRY,10
2025-01,REFUND_STATUS,15
2025-01,RETURN_PICKUP,11
2025-02,ACCOUNT_LOGIN,17
2025-02,APP_FIRMWARE,29
2025-02,AUDIO_QUALITY,12
2025-02,CANCELLATION,11
2025-02,CHARGING_BATTERY,16
2025-02,CONNECTIVITY,20
2025-02,DAMAGED_OR_WRONG_ITEM,15
2025-02,DELIVERY_NOT_RECEIVED,91
2025-02,DUPLICATE_CHARGE,8
2025-02,HARDWARE_FAULT_WARRANTY,17
2025-02,INVOICE_PRICE_COUPON,29
2025-02,OTHER,44
2025-02,PAYMENT_FAILED_OR_DEBITED,7
2025-02,PRODUCT_ENQUIRY,19
2025-02,REFUND_STATUS,27
2025-02,RETURN_PICKUP,6
2025-03,ACCOUNT_LOGIN,9
2025-03,APP_FIRMWARE,41
2025-03,AUDIO_QUALITY,16
2025-03,CANCELLATION,15
2025-03,CHARGING_BATTERY,26
2025-03,CONNECTIVITY,25
2025-03,DAMAGED_OR_WRONG_ITEM,17
2025-03,DELIVERY_NOT_RECEIVED,98
2025-03,DUPLICATE_CHARGE,13
2025-03,HARDWARE_FAULT_WARRANTY,17
2025-03,INVOICE_PRICE_COUPON,40
2025-03,OTHER,64
2025-03,PAYMENT_FAILED_OR_DEBITED,13
2025-03,PRODUCT_ENQUIRY,18
2025-03,REFUND_STATUS,32
2025-03,RETURN_PICKUP,18
2025-04,ACCOUNT_LOGIN,18
2025-04,APP_FIRMWARE,34
2025-04,AUDIO_QUALITY,19
2025-04,CANCELLATION,9
2025-04,CHARGING_BATTERY,26
2025-04,CONNECTIVITY,30
2025-04,DAMAGED_OR_WRONG_ITEM,22
2025-04,DELIVERY_NOT_RECEIVED,102
2025-04,DUPLICATE_CHARGE,11
2025-04,HARDWARE_FAULT_WARRANTY,14
2025-04,INVOICE_PRICE_COUPON,40
2025-04,OTHER,51
2025-04,PAYMENT_FAILED_OR_DEBITED,15
2025-04,PRODUCT_ENQUIRY,15
2025-04,REFUND_STATUS,30
2025-04,RETURN_PICKUP,13
2025-05,ACCOUNT_LOGIN,13
2025-05,APP_FIRMWARE,38
2025-05,AUDIO_QUALITY,20
2025-05,CANCELLATION,15
2025-05,CHARGING_BATTERY,23
2025-05,CONNECTIVITY,32
2025-05,DAMAGED_OR_WRONG_ITEM,16
2025-05,DELIVERY_NOT_RECEIVED,90
2025-05,DUPLICATE_CHARGE,10
2025-05,HARDWARE_FAULT_WARRANTY,20
2025-05,INVOICE_PRICE_COUPON,23
2025-05,OTHER,55
2025-05,PAYMENT_FAILED_OR_DEBITED,7
2025-05,PRODUCT_ENQUIRY,14
2025-05,REFUND_STATUS,40
2025-05,RETURN_PICKUP,8
2025-06,ACCOUNT_LOGIN,19
2025-06,APP_FIRMWARE,43
2025-06,AUDIO_QUALITY,15
2025-06,CANCELLATION,17
2025-06,CHARGING_BATTERY,13
2025-06,CONNECTIVITY,25
2025-06,DAMAGED_OR_WRONG_ITEM,17
2025-06,DELIVERY_NOT_RECEIVED,89
2025-06,DUPLICATE_CHARGE,12
2025-06,HARDWARE_FAULT_WARRANTY,17
2025-06,INVOICE_PRICE_COUPON,29
2025-06,OTHER,62
2025-06,PAYMENT_FAILED_OR_DEBITED,19
2025-06,PRODUCT_ENQUIRY,8
2025-06,REFUND_STATUS,34
2025-06,RETURN_PICKUP,20
2025-07,ACCOUNT_LOGIN,11
2025-07,APP_FIRMWARE,49
2025-07,AUDIO_QUALITY,14
2025-07,CANCELLATION,30
2025-07,CHARGING_BATTERY,22
2025-07,CONNECTIVITY,34
2025-07,DAMAGED_OR_WRONG_ITEM,20
2025-07,DELIVERY_NOT_RECEIVED,97
2025-07,DUPLICATE_CHARGE,10
2025-07,HARDWARE_FAULT_WARRANTY,24
2025-07,INVOICE_PRICE_COUPON,23
2025-07,OTHER,58
2025-07,PAYMENT_FAILED_OR_DEBITED,13
2025-07,PRODUCT_ENQUIRY,12
2025-07,REFUND_STATUS,31
2025-07,RETURN_PICKUP,14
2025-08,ACCOUNT_LOGIN,25
2025-08,APP_FIRMWARE,60
2025-08,AUDIO_QUALITY,26
2025-08,CANCELLATION,17
2025-08,CHARGING_BATTERY,33
2025-08,CONNECTIVITY,51
2025-08,DAMAGED_OR_WRONG_ITEM,33
2025-08,DELIVERY_NOT_RECEIVED,167
2025-08,DUPLICATE_CHARGE,17
2025-08,HARDWARE_FAULT_WARRANTY,29
2025-08,INVOICE_PRICE_COUPON,53
2025-08,OTHER,74
2025-08,PAYMENT_FAILED_OR_DEBITED,24
2025-08,PRODUCT_ENQUIRY,19
2025-08,REFUND_STATUS,41
2025-08,RETURN_PICKUP,26
2025-09,ACCOUNT_LOGIN,21
2025-09,APP_FIRMWARE,66
2025-09,AUDIO_QUALITY,21
2025-09,CANCELLATION,19
2025-09,CHARGING_BATTERY,24
2025-09,CONNECTIVITY,45
2025-09,DAMAGED_OR_WRONG_ITEM,27
2025-09,DELIVERY_NOT_RECEIVED,150
2025-09,DUPLICATE_CHARGE,17
2025-09,HARDWARE_FAULT_WARRANTY,34
2025-09,INVOICE_PRICE_COUPON,52
2025-09,OTHER,89
2025-09,PAYMENT_FAILED_OR_DEBITED,18
2025-09,PRODUCT_ENQUIRY,22
2025-09,REFUND_STATUS,43
2025-09,RETURN_PICKUP,23
2025-10,ACCOUNT_LOGIN,33
2025-10,APP_FIRMWARE,67
2025-10,AUDIO_QUALITY,29
2025-10,CANCELLATION,17
2025-10,CHARGING_BATTERY,31
2025-10,CONNECTIVITY,52
2025-10,DAMAGED_OR_WRONG_ITEM,39
2025-10,DELIVERY_NOT_RECEIVED,198
2025-10,DUPLICATE_CHARGE,13
2025-10,HARDWARE_FAULT_WARRANTY,43
2025-10,INVOICE_PRICE_COUPON,68
2025-10,OTHER,102
2025-10,PAYMENT_FAILED_OR_DEBITED,31
2025-10,PRODUCT_ENQUIRY,29
2025-10,REFUND_STATUS,64
2025-10,RETURN_PICKUP,31
2025-11,ACCOUNT_LOGIN,33
2025-11,APP_FIRMWARE,68
2025-11,AUDIO_QUALITY,38
2025-11,CANCELLATION,31
2025-11,CHARGING_BATTERY,38
2025-11,CONNECTIVITY,66
2025-11,DAMAGED_OR_WRONG_ITEM,40
2025-11,DELIVERY_NOT_RECEIVED,230
2025-11,DUPLICATE_CHARGE,18
2025-11,HARDWARE_FAULT_WARRANTY,43
2025-11,INVOICE_PRICE_COUPON,77
2025-11,OTHER,112
2025-11,PAYMENT_FAILED_OR_DEBITED,24
2025-11,PRODUCT_ENQUIRY,44
2025-11,REFUND_STATUS,60
2025-11,RETURN_PICKUP,30
2025-12,ACCOUNT_LOGIN,29
2025-12,APP_FIRMWARE,82
2025-12,AUDIO_QUALITY,49
2025-12,CANCELLATION,21
2025-12,CHARGING_BATTERY,46
2025-12,CONNECTIVITY,67
2025-12,DAMAGED_OR_WRONG_ITEM,34
2025-12,DELIVERY_NOT_RECEIVED,193
2025-12,DUPLICATE_CHARGE,14
2025-12,HARDWARE_FAULT_WARRANTY,34
2025-12,INVOICE_PRICE_COUPON,51
2025-12,OTHER,126
2025-12,PAYMENT_FAILED_OR_DEBITED,24
2025-12,PRODUCT_ENQUIRY,25
2025-12,REFUND_STATUS,48
2025-12,RETURN_PICKUP,26
2026-01,ACCOUNT_LOGIN,27
2026-01,APP_FIRMWARE,72
2026-01,AUDIO_QUALITY,36
2026-01,CANCELLATION,26
2026-01,CHARGING_BATTERY,53
2026-01,CONNECTIVITY,80
2026-01,DAMAGED_OR_WRONG_ITEM,27
2026-01,DELIVERY_NOT_RECEIVED,147
2026-01,DUPLICATE_CHARGE,15
2026-01,HARDWARE_FAULT_WARRANTY,29
2026-01,INVOICE_PRICE_COUPON,62
2026-01,OTHER,117
2026-01,PAYMENT_FAILED_OR_DEBITED,19
2026-01,PRODUCT_ENQUIRY,30
2026-01,REFUND_STATUS,49
2026-01,RETURN_PICKUP,23
2026-02,ACCOUNT_LOGIN,29
2026-02,APP_FIRMWARE,72
2026-02,AUDIO_QUALITY,26
2026-02,CANCELLATION,21
2026-02,CHARGING_BATTERY,41
2026-02,CONNECTIVITY,70
2026-02,DAMAGED_OR_WRONG_ITEM,30
2026-02,DELIVERY_NOT_RECEIVED,150
2026-02,DUPLICATE_CHARGE,19
2026-02,HARDWARE_FAULT_WARRANTY,30
2026-02,INVOICE_PRICE_COUPON,51
2026-02,OTHER,85
2026-02,PAYMENT_FAILED_OR_DEBITED,24
2026-02,PRODUCT_ENQUIRY,20
2026-02,REFUND_STATUS,43
2026-02,RETURN_PICKUP,22
2026-03,ACCOUNT_LOGIN,27
2026-03,APP_FIRMWARE,71
2026-03,AUDIO_QUALITY,49
2026-03,CANCELLATION,12
2026-03,CHARGING_BATTERY,43
2026-03,CONNECTIVITY,61
2026-03,DAMAGED_OR_WRONG_ITEM,32
2026-03,DELIVERY_NOT_RECEIVED,157
2026-03,DUPLICATE_CHARGE,21
2026-03,HARDWARE_FAULT_WARRANTY,35
2026-03,INVOICE_PRICE_COUPON,51
2026-03,OTHER,99
2026-03,PAYMENT_FAILED_OR_DEBITED,23
2026-03,PRODUCT_ENQUIRY,19
2026-03,REFUND_STATUS,53
2026-03,RETURN_PICKUP,27
2026-04,ACCOUNT_LOGIN,26
2026-04,APP_FIRMWARE,81
2026-04,AUDIO_QUALITY,31
2026-04,CANCELLATION,28
2026-04,CHARGING_BATTERY,58
2026-04,CONNECTIVITY,82
2026-04,DAMAGED_OR_WRONG_ITEM,31
2026-04,DELIVERY_NOT_RECEIVED,149
2026-04,DUPLICATE_CHARGE,22
2026-04,HARDWARE_FAULT_WARRANTY,31
2026-04,INVOICE_PRICE_COUPON,52
2026-04,OTHER,116
2026-04,PAYMENT_FAILED_OR_DEBITED,27
2026-04,PRODUCT_ENQUIRY,22
2026-04,REFUND_STATUS,60
2026-04,RETURN_PICKUP,16
2026-05,ACCOUNT_LOGIN,33
2026-05,APP_FIRMWARE,71
2026-05,AUDIO_QUALITY,35
2026-05,CANCELLATION,20
2026-05,CHARGING_BATTERY,41
2026-05,CONNECTIVITY,63
2026-05,DAMAGED_OR_WRONG_ITEM,38
2026-05,DELIVERY_NOT_RECEIVED,159
2026-05,DUPLICATE_CHARGE,13
2026-05,HARDWARE_FAULT_WARRANTY,41
2026-05,INVOICE_PRICE_COUPON,48
2026-05,OTHER,87
2026-05,PAYMENT_FAILED_OR_DEBITED,18
2026-05,PRODUCT_ENQUIRY,17
2026-05,REFUND_STATUS,52
2026-05,RETURN_PICKUP,20
2026-06,ACCOUNT_LOGIN,39
2026-06,APP_FIRMWARE,71
2026-06,AUDIO_QUALITY,48
2026-06,CANCELLATION,21
2026-06,CHARGING_BATTERY,54
2026-06,CONNECTIVITY,66
2026-06,DAMAGED_OR_WRONG_ITEM,25
2026-06,DELIVERY_NOT_RECEIVED,132
2026-06,DUPLICATE_CHARGE,20
2026-06,HARDWARE_FAULT_WARRANTY,36
2026-06,INVOICE_PRICE_COUPON,39
2026-06,OTHER,108
2026-06,PAYMENT_FAILED_OR_DEBITED,13
2026-06,PRODUCT_ENQUIRY,23
2026-06,REFUND_STATUS,54
2026-06,RETURN_PICKUP,27
