month,owner_team,tickets
2025-01,Billing,41
2025-01,Chat Frontline,51
2025-01,Email Frontline,27
2025-01,Escalations & Warranty,14
2025-01,Logistics,85
2025-01,Returns Desk,38
2025-01,Unclassified,42
2025-01,Voice Frontline,16
2025-02,Billing,44
2025-02,Chat Frontline,63
2025-02,Email Frontline,36
2025-02,Escalations & Warranty,17
2025-02,Logistics,106
2025-02,Returns Desk,44
2025-02,Unclassified,44
2025-02,Voice Frontline,14
2025-03,Billing,66
2025-03,Chat Frontline,77
2025-03,Email Frontline,34
2025-03,Escalations & Warranty,17
2025-03,Logistics,115
2025-03,Returns Desk,65
2025-03,Unclassified,64
2025-03,Voice Frontline,24
2025-04,Billing,66
2025-04,Chat Frontline,83
2025-04,Email Frontline,40
2025-04,Escalations & Warranty,14
2025-04,Logistics,124
2025-04,Returns Desk,52
2025-04,Unclassified,51
2025-04,Voice Frontline,19
2025-05,Billing,40
2025-05,Chat Frontline,74
2025-05,Email Frontline,40
2025-05,Escalations & Warranty,20
2025-05,Logistics,106
2025-05,Returns Desk,63
2025-05,Unclassified,55
2025-05,Voice Frontline,26
2025-06,Billing,60
2025-06,Chat Frontline,58
2025-06,Email Frontline,44
2025-06,Escalations & Warranty,17
2025-06,Logistics,106
2025-06,Returns Desk,71
2025-06,Unclassified,62
2025-06,Voice Frontline,21
2025-07,Billing,46
2025-07,Chat Frontline,67
2025-07,Email Frontline,56
2025-07,Escalations & Warranty,24
2025-07,Logistics,117
2025-07,Returns Desk,75
2025-07,Unclassified,58
2025-07,Voice Frontline,19
2025-08,Billing,94
2025-08,Chat Frontline,124
2025-08,Email Frontline,54
2025-08,Escalations & Warranty,29
2025-08,Logistics,200
2025-08,Returns Desk,84
2025-08,Unclassified,74
2025-08,Voice Frontline,36
2025-09,Billing,87
2025-09,Chat Frontline,98
2025-09,Email Frontline,65
2025-09,Escalations & Warranty,34
2025-09,Logistics,177
2025-09,Returns Desk,85
2025-09,Unclassified,89
2025-09,Voice Frontline,36
2025-10,Billing,112
2025-10,Chat Frontline,141
2025-10,Email Frontline,78
2025-10,Escalations & Warranty,43
2025-10,Logistics,237
2025-10,Returns Desk,112
2025-10,Unclassified,102
2025-10,Voice Frontline,22
2025-11,Billing,119
2025-11,Chat Frontline,158
2025-11,Email Frontline,84
2025-11,Escalations & Warranty,43
2025-11,Logistics,270
2025-11,Returns Desk,121
2025-11,Unclassified,112
2025-11,Voice Frontline,45
2025-12,Billing,89
2025-12,Chat Frontline,152
2025-12,Email Frontline,111
2025-12,Escalations & Warranty,34
2025-12,Logistics,227
2025-12,Returns Desk,95
2025-12,Unclassified,126
2025-12,Voice Frontline,35
2026-01,Billing,96
2026-01,Chat Frontline,156
2026-01,Email Frontline,87
2026-01,Escalations & Warranty,29
2026-01,Logistics,174
2026-01,Returns Desk,98
2026-01,Unclassified,117
2026-01,Voice Frontline,55
2026-02,Billing,94
2026-02,Chat Frontline,131
2026-02,Email Frontline,87
2026-02,Escalations & Warranty,30
2026-02,Logistics,180
2026-02,Returns Desk,86
2026-02,Unclassified,85
2026-02,Voice Frontline,40
2026-03,Billing,95
2026-03,Chat Frontline,151
2026-03,Email Frontline,82
2026-03,Escalations & Warranty,35
2026-03,Logistics,189
2026-03,Returns Desk,92
2026-03,Unclassified,99
2026-03,Voice Frontline,37
2026-04,Billing,101
2026-04,Chat Frontline,171
2026-04,Email Frontline,85
2026-04,Escalations & Warranty,31
2026-04,Logistics,180
2026-04,Returns Desk,104
2026-04,Unclassified,116
2026-04,Voice Frontline,44
2026-05,Billing,79
2026-05,Chat Frontline,138
2026-05,Email Frontline,78
2026-05,Escalations & Warranty,41
2026-05,Logistics,197
2026-05,Returns Desk,92
2026-05,Unclassified,87
2026-05,Voice Frontline,44
2026-06,Billing,72
2026-06,Chat Frontline,150
2026-06,Email Frontline,94
2026-06,Escalations & Warranty,36
2026-06,Logistics,157
2026-06,Returns Desk,102
2026-06,Unclassified,108
2026-06,Voice Frontline,57
